"038-92","TAI YICK CHAN'S COMPANY LIMITED","大益陳氏有限公司","Central and Western District","中西區","2546 6275","Y","Y","Y","Y","Y","Y","Y","Y"
"756-10","KITCHEN CONCEPTS (HK) LTD","首廚 (香港) 有限公司","Central and Western District","中西區","2894 8940","Y","Y","Y","Y","Y","Y","Y","Y"
"807-14","FULLTACT DESIGN & ENGINEERING COMPANY LIMITED","富力達工程有限公司","Central and Western District","中西區","3579 4008","Y","Y","Y","Y","N","N","N","N"
"847-16","KWOK FU GAS CO., LIMITED","國富石油氣有限公司","Central and Western District","中西區","2818 8872","Y","Y","Y","Y","Y","Y","Y","Y"
"018-92","THE UNION GAS & ENGINEERING CORPORATION LIMITED","聯邦氣體工程有限公司","Eastern District","東區","2811 8891","Y","Y","Y","Y","Y","Y","Y","Y"
"019-92","THE UNION GAS APPLIANCES TRADING LIMITED","聯邦爐具貿易有限公司","Eastern District","東區","2811 8891","Y","Y","Y","Y","Y","Y","Y","Y"
"206-92","THE HK & CHINA GAS CO LTD","香港中華煤氣有限公司","Eastern District","東區","2880 6988","Y","Y","Y","Y","Y","Y","Y","Y"
"207-92","DOLFORD ENG CO LTD","肇昌煤氣工程有限公司","Eastern District","東區","2898 3398","Y","Y","Y","Y","Y","Y","Y","Y"
"291-92","WAN KAU ENG SERVICE CO","環球工程服務公司","Eastern District","東區","2459 4318  ","Y","Y","Y","Y","Y","Y","Y","Y"
"320-92","WING KAY ENG CO","永基工程公司","Eastern District","東區","2568 9698 ","Y","Y","Y","Y","Y","Y","Y","Y"
"404-96","TAK HING HONG GAS CO LTD","德興行石油有限公司","Eastern District","東區","2806 2122","Y","Y","Y","Y","Y","Y","Y","N"
"454-97","YIU WAH ENGINEERING CO","耀華工程公司","Eastern District","東區","2503 3216 ","Y","Y","Y","Y","Y","Y","Y","Y"
"487-98","U-TECH ENG CO LTD","卓裕工程有限公司","Eastern District","東區","2765 5669","Y","Y","Y","Y","Y","Y","Y","Y"
"533-01","SZE WO CHAAN GAS CO LTD","泗和棧石油工程有限公司","Eastern District","東區","2560 2603","Y","Y","Y","Y","Y","Y","Y","Y"
"543-01","YING FAT CHEUNG PETROLEUM LTD","英發祥石油有限公司","Eastern District","東區","2556 8882","Y","Y","Y","Y","Y","Y","Y","Y"
"549-01","GENERAL APPLIANCE (HONG KONG) LTD","美奇(香港)有限公司","Eastern District","東區","2898 0044","Y","Y","Y","Y","Y","Y","Y","Y"
"669-05","SZE WO CHAAN COMPANY LIMITED","泗和棧有限公司","Eastern District","東區","2382 8431","Y","Y","Y","Y","Y","Y","Y","N"
"771-11","WILSON GAS WORKS","惠信氣體工程","Eastern District","東區","2562 0982","Y","Y","Y","N","N","N","N","N"
"783-12","CHEUNG WAI GAS ENGINEERING COMPANY","祥威氣體工程公司","Eastern District","東區","9520 3185","Y","Y","Y","N","N","N","N","N"
"792-12","CHAMP SKY ENGINEERING LIMITED","祥天工程有限公司","Eastern District","東區","2558 2009  ","Y","Y","Y","Y","Y","Y","N","N"
"794-13","CHEERFUL GAS ENGINEERING LIMITED","創富氣體工程有限公司","Eastern District","東區","9239 0505","Y","Y","Y","Y","Y","Y","Y","Y"
"795-13","WING CHUN ENGINEERING COMPANY","榮駿工程公司","Eastern District","東區","9139 8737","Y","Y","Y","N","N","N","N","N"
"806-14","BRILLIANT GAIN TRADING LIMITED","耀盈貿易有限公司","Eastern District","東區","2518 0813","Y","Y","Y","Y","N","N","N","N"
"826-15","CHING HING GAS ENGINEERING COMPANY LIMITED","正興石油工程有限公司","Eastern District","東區","2382 8431","Y","Y","N","N","N","N","N","N"
"830-15","JIABAO ENGINEERING HONG KONG LIMITED","加寶工程香港有限公司","Eastern District","東區","6977 6697","Y","Y","Y","Y","Y","Y","Y","Y"
"843-15","KINETIC ENG. COMPANY","力基工程公司","Eastern District","東區","9520 3231","Y","Y","Y","N","N","N","N","N"
"861-17","QUALITY TESTING SERVICES LIMITED","品質測檢服務有限公司","Eastern District","東區","2963 3050","Y","Y","Y","Y","Y","Y","Y","Y"
"146-92","HOI KEE GAS & ENGINEERING CO","開記石油氣工程公司","Islands District","離島區","2981 7980","Y","Y","Y","Y","Y","Y","Y","N"
"210-92","ON FAT","安發號","Islands District","離島區","2985 7336 ","Y","Y","N","Y","N","N","N","N"
"467-98","SAN HING (LPG) COMPANY LIMITED","新興（氣體）工程有限公司","Islands District","離島區","2987 6738","Y","Y","Y","Y","Y","Y","Y","Y"
"472-98","SUN RISING (LANTAU ISLAND) CO LTD","日昇（大嶼山）有限公司","Islands District","離島區","2984 7918","Y","Y","Y","Y","Y","Y","Y","Y"
"507-99","TALENTOP DEVELOPMENT LTD","才鴻發展有限公司","Islands District","離島區","2981 7829","Y","Y","Y","Y","Y","Y","Y","Y"
"508-99","YUET HING HOO","悅興號","Islands District","離島區","2983 0233","Y","Y","N","N","N","N","N","N"
"524-00","YEE WO HO LTD","義和號有限公司","Islands District","離島區","2982 0236","Y","Y","Y","Y","N","N","N","N"
"541-01","SUNRAYS DEVELOPMENT LIMITED","新光發展有限公司","Islands District","離島區","2981 9989","Y","Y","Y","Y","Y","Y","Y","N"
"562-02","WAH ON (PENG CHAU) LIMITED","華安(坪洲)有限公司","Islands District","離島區","2983 0214","Y","Y","Y","Y","Y","Y","Y","Y"
"576-02","LEE HING LOONG","利興隆","Islands District","離島區","2984 2268 ","Y","Y","Y","Y","Y","N","N","N"
"608-02","LAM'S ETERNITY PETROLEUM ENGG. CO.","林氏永祥石油工程公司","Islands District","離島區","2982 0287 / 2982 0576","Y","Y","Y","Y","N","N","N","N"
"634-03","TUNG FU HONG","東富行","Islands District","離島區","2984 7918","Y","N","N","N","N","N","N","N"
"750-10","KWOK WING ENGINEERING (HK) CO., LIMITED","國榮工程(香港)有限公司","Islands District","離島區","2981 0085","Y","Y","Y","Y","Y","Y","Y","Y"
"831-15","NAPIER HOUSE GAS COMPANY LIMITED","利時行石油有限公司","Islands District","離島區","2981 7002","Y","N","N","N","N","N","N","N"
"833-15","LEE HING LOONG (LANTAU) COMPANY LIMITED","利興隆 (大嶼山) 有限公司","Islands District","離島區","2984 2268","Y","N","N","Y","N","N","N","N"
"842-15","HOP HING LOONG DEVELOPMENT LIMITED","合興隆拓展有限公司","Islands District","離島區","2984 2268","Y","Y","Y","Y","Y","N","N","N"
"011-92","CHEUNG FAT HONG LP GAS TRADING CO LTD","祥發行石油氣貿易有限公司","Kowloon City","九龍城","2333 5970","Y","Y","Y","Y","Y","N","N","N"
"060-92","MING CHUN CONST CO LTD","明俊建築有限公司","Kowloon City","九龍城","2728 3613","Y","Y","Y","Y","Y","Y","Y","N"
"123-92","CHUNG HING OIL CO LTD","中興石油有限公司","Kowloon City","九龍城","2364 2225 / 2665 6341","Y","Y","Y","Y","Y","Y","Y","Y"
"127-92","KWONG HING HONG CO","光興行公司","Kowloon City","九龍城","2362 7035","Y","N","N","N","N","N","N","N"
"194-92","SUN HING (LEADER) OIL COMPANY","新興號（利達）石油公司","Kowloon City","九龍城","2712 0447 / 2712 5058 ","Y","N","N","Y","N","N","N","N"
"220-92","NAM FAT FACTORY","南發廠","Kowloon City","九龍城","2362 1272","Y","Y","Y","Y","Y","Y","Y","Y"
"280-92","WAN KAU KEE","溫球記","Kowloon City","九龍城","2334 6725","Y","Y","Y","Y","Y","Y","Y","Y"
"348-92","COMPETENCE GAS & PLUMBING ENG CO","能安達氣體水喉工程公司","Kowloon City","九龍城","2362 3427","Y","Y","Y","Y","Y","Y","Y","Y"
"353-92","SUN FAT HONG (TAI MING) L P GAS","新法大明行","Kowloon City","九龍城","2334 2871","Y","N","N","N","N","N","N","N"
"401-95","HANG ON ENGINEERING  COMPANY","恒安工程公司","Kowloon City","九龍城","2330 5075","Y","Y","Y","Y","Y","Y","Y","Y"
"407-96","CALLEY L P GAS COMPANY LIMITED","嘉利石油氣有限公司","Kowloon City","九龍城","2365 7668","Y","N","N","N","N","N","N","N"
"439-97","CHUEN HING LUNG METAL & PETROLEUM PRODUCTS COMPANY","全興隆五金石油產品公司","Kowloon City","九龍城","2766 2871","Y","Y","Y","N","Y","Y","N","N"
"455-97","GEE SHING LP GAS CO LTD","致成石油氣有限公司","Kowloon City","九龍城","2712 4345","Y","N","N","N","N","N","N","N"
"525-00","Y.T. CENTURY ENGINEERING CO.","耀添世紀工程公司","Kowloon City","九龍城","2152 9565","Y","Y","Y","Y","Y","Y","Y","Y"
"526-00","FRUITFUL ENG LTD","俊鋒工程有限公司","Kowloon City","九龍城","2328 7337","Y","Y","Y","Y","Y","Y","Y","Y"
"528-00","SUN LUEN PLUMBING & GAS WORKS LIMITED","新聯水喉工程有限公司","Kowloon City","九龍城","9238 5620","Y","Y","Y","Y","Y","Y","Y","Y"
"530-01","ON TAT ENG CO","安達工程公司","Kowloon City","九龍城","8200 6609 / 2338 4375","Y","Y","Y","Y","Y","Y","Y","Y"
"531-01","WAI YIP GAS ENG CO LTD","偉業氣體工程有限公司","Kowloon City","九龍城","2355 7086","Y","Y","Y","Y","Y","Y","Y","Y"
"588-02","GERMAN POOL (HONG KONG) LTD","德國寶香港有限公司","Kowloon City","九龍城","2773 2888","Y","Y","Y","Y","Y","Y","Y","Y"
"644-04","CALLEY RICH PETROLEUM LIMITED","嘉富石油有限公司","Kowloon City","九龍城","2365 7668 ","Y","Y","Y","Y","Y","N","Y","N"
"675-06","Y.T. CENTURY ENGINEERING COMPANY LIMITED","耀添世紀工程有限公司","Kowloon City","九龍城","2152 9565 ","Y","Y","Y","Y","Y","N","N","N"
"682-06","CHUNG TIN KITCHEN WARES COMPANY LIMITED","中天廚房設備有限公司","Kowloon City","九龍城","2363 1482","Y","Y","Y","Y","Y","Y","Y","Y"
"684-06","U.E.E. (HONG KONG) LIMITED","(沒有提供中文店名)","Kowloon City","九龍城","2363 3889","Y","Y","Y","Y","Y","Y","Y","Y"
"701-07","SING CHEONG (MAN KEE) OIL CO","昇昌(文記)石油公司","Kowloon City","九龍城","2333 9778","Y","Y","N","N","N","N","N","N"
"705-08","COMPETENCE KITCHEN ENGINEERING LTD","能安達廚具工程有限公司","Kowloon City","九龍城","2362 3427  ","Y","Y","Y","Y","Y","Y","Y","Y"
"706-08","LAI PAK ENGINEERING CO LTD","澧栢工程有限公司","Kowloon City","九龍城","3165 1977 ","Y","Y","Y","Y","Y","Y","Y","Y"
"715-08","CHEUNG TAI HONG PETROLEUM LIMITED","祥泰行石油有限公司","Kowloon City","九龍城","2712 4559","Y","N","N","N","N","N","N","N"
"738-09","LAI PAK CONSULTANT LIMITED","澧栢顧問有限公司","Kowloon City","九龍城","3165 1977","Y","Y","Y","Y","Y","Y","Y","Y"
"798-13","YIP SING (KAM MAN) ENGINEERING CO.","業成(錦文)工程公司","Kowloon City","九龍城","5545 0272","Y","Y","Y","N","N","N","N","N"
"839-15","LUEN TAT GAS ENGINEERING LIMITED","聯達氣體工程有限公司","Kowloon City","九龍城","2337 8233","Y","Y","Y","Y","Y","Y","Y","Y"
"853-16","MAN KEE HONG COMPANY LIMITED","文記行有限公司","Kowloon City","九龍城","2718 1860  ","Y","N","N","Y","N","N","N","N"
"882-18","POK NGAI ENGINEERING COMPANY","博毅工程公司","Kowloon City","九龍城","9184 0825","Y","Y","Y","N","N","N","N","N"
"012-92","SANG HING HONG GAS & FLUID FITTINGS LTD","生興行液化工程有限公司","Kwai Tsing","葵青","2424 5225","Y","Y","Y","Y","Y","Y","Y","Y"
"064-92","YUNG CHUN ENG CO","勇進工程公司","Kwai Tsing","葵青","2431 1046","Y","Y","Y","Y","Y","Y","N","N"
"245-92","SUN HING CO","新興公司","Kwai Tsing","葵青","3583 2929","Y","Y","Y","Y","Y","Y","Y","Y"
"312-92","COME-IN ENGINEERING LIMITED","廣然工程有限公司","Kwai Tsing","葵青","2409 9894  ","Y","Y","Y","Y","Y","Y","Y","Y"
"331-92","WESTWING SERVICES LTD","威榮電業服務有限公司","Kwai Tsing","葵青","2406 9792","Y","N","N","Y","N","N","N","N"
"394-95","LI'S TAK SHING HONG LTD","李氏德成行有限公司","Kwai Tsing","葵青","2424 4848 ","Y","Y","Y","Y","Y","Y","Y","Y"
"469-98","WAN LEE ENGINEERING COMPANY LIMITED","宏利家電工程有限公司","Kwai Tsing","葵青","2777 4843","Y","Y","Y","Y","N","N","N","N"
"486-98","TAT HING KITCHEN DESIGN & ENGINEERING CO","達興廚具設計工程公司","Kwai Tsing","葵青","2389 9249","Y","Y","Y","N","Y","Y","Y","Y"
"492-98","SUN WING STOVE & GAS ENG LTD","新榮爐具煤氣工程有限公司","Kwai Tsing","葵青","2419 1800 / 2419 1810","Y","Y","Y","Y","Y","Y","Y","Y"
"496-99","BEST TOP ENGINEERING LTD","兆立工程有限公司","Kwai Tsing","葵青","2429 6340","Y","Y","Y","N","Y","Y","Y","N"
"510-99","WING YEE LEE GAS ENGINEERING COMPANY LIMITED","永義利氣體工程有限公司","Kwai Tsing","葵青","2267 7989  ","Y","Y","Y","Y","Y","Y","Y","Y"
"539-01","WING KEE HONG","榮記行","Kwai Tsing","葵青","2420 1052 ","Y","N","N","Y","N","N","N","N"
"584-02","SUN HING PETROLEUM COMPANY LTD","新興石油有限公司","Kwai Tsing","葵青","2742 3141 / 2423 2638","Y","Y","Y","Y","Y","Y","Y","Y"
"606-02","SHUN HING ENG CONTRACTING CO LTD","信興機電工程有限公司","Kwai Tsing","葵青","2419 5607","Y","Y","Y","Y","Y","Y","Y","Y"
"631-03","NIXON ENGINEERING LIMITED","歷信工程有限公司","Kwai Tsing","葵青","2428 9873","Y","Y","Y","Y","Y","Y","Y","Y"
"635-04","HOP HING HONG PETROL CO LTD","合興行石油有限公司","Kwai Tsing","葵青","9456 0044","Y","Y","Y","Y","Y","Y","Y","Y"
"641-04","LLOYD GAS ENGINEERING LIMITED","恩明氣體工程有限公司","Kwai Tsing","葵青","2152 1536  ","Y","Y","Y","Y","Y","Y","Y","Y"
"647-04","SAM WOO ENGINEERING COMPANY","三和工程公司","Kwai Tsing","葵青","9520 3223","Y","Y","Y","Y","Y","Y","Y","Y"
"697-07","PAK YU ENGINEERING CO","柏裕工程公司","Kwai Tsing","葵青","9270 8270","Y","Y","Y","Y","Y","Y","Y","Y"
"713-08","L.T. ENG. CO.","力天工程公司","Kwai Tsing","葵青","9018 2584","Y","Y","Y","Y","Y","Y","Y","Y"
"718-08","DMC GAS EQUIPMENT LTD","多美時燃氣設備有限公司","Kwai Tsing","葵青","2851 2121","Y","Y","Y","Y","Y","Y","Y","Y"
"751-10","CHUN PO GAS ENGINEERING COMPANY LIMITED","駿寶燃氣工程有限公司","Kwai Tsing","葵青","3520 3017","Y","Y","Y","Y","Y","Y","Y","Y"
"760-10","GASTAR GROUP COMPANY LIMITED","星牌集團有限公司","Kwai Tsing","葵青","2394 6060","Y","Y","Y","Y","N","N","N","N"
"762-11","WAI HUNG GAS ENGINEERING COMPANY","偉鴻氣體工程公司","Kwai Tsing","葵青","3486 4175","Y","Y","Y","Y","Y","Y","Y","Y"
"770-11","CHI LICK STEAM BOILER ENG CO LTD","自力鍋爐工程有限公司","Kwai Tsing","葵青","2712 2207","Y","Y","Y","Y","Y","Y","Y","Y"
"775-12","GOLDEN KING (INTERNATIONAL) PETROLEUM ENGINEERING CO. LIMITED","澔金 (國際) 氣體工程有限公司","Kwai Tsing","葵青","3173 8678","Y","Y","Y","N","N","N","N","N"
"788-12","KWONG WING HONG","光榮行","Kwai Tsing","葵青","3565 6391   ","Y","Y","Y","Y","Y","Y","Y","Y"
"810-14","SHUN HING ELECTRIC SERVICE CENTRE LTD","信興電器服務中心有限公司","Kwai Tsing","葵青","2406 5333","Y","Y","Y","Y","N","N","N","N"
"813-14","TRUSTY GAS ENGINEERING LIMITED","信誠氣體工程有限公司","Kwai Tsing","葵青","6682 8548","Y","Y","Y","N","N","N","N","N"
"836-15","WAI SHUN ENGINEERING","煒舜工程","Kwai Tsing","葵青","9462 3225","Y","Y","Y","Y","N","N","N","N"
"845-16","NEW POWER COMPANY","新動力工程公司","Kwai Tsing","葵青","6221 1932","Y","Y","Y","Y","Y","Y","Y","Y"
"856-16","ONE PLUS ENGINEERING LIMITED","一加工程有限公司","Kwai Tsing","葵青","3482 3403 ","Y","Y","Y","Y","N","N","N","N"
"860-17","TAT HING KITCHEN DESIGN & ENGINEERING CO., LIMITED","達興廚具設計工程有限公司","Kwai Tsing","葵青","2389 9249","Y","Y","Y","Y","Y","Y","Y","Y"
"867-17","YI FENG ENGINEERING LIMITED","毅灃工程有限公司","Kwai Tsing","葵青","3543 0903","Y","Y","Y","Y","N","N","N","N"
"021-92","HING FAT HONG LP GAS DISTRIBUTORS LTD","興發行石油氣代理商有限公司","Kwun Tong","觀塘","2953 3811","Y","Y","Y","Y","Y","Y","Y","Y"
"026-92","YUE PO ENG CO LTD","裕寶工程有限公司","Kwun Tong","觀塘","2379 3888","Y","Y","Y","Y","Y","Y","Y","Y"
"086-92","YAU SANG ENG CO","祐生工程公司","Kwun Tong","觀塘","2323 3680","Y","Y","Y","Y","Y","Y","Y","Y"
"132-92","PUI KEE GAS ENGINEERING LIMITED","培記煤氣工程有限公司","Kwun Tong","觀塘","2761 1300","Y","Y","Y","Y","Y","Y","Y","Y"
"152-92","RADNOR LIMITED","蕾洛有限公司","Kwun Tong","觀塘","2699 4666","Y","Y","Y","Y","Y","Y","Y","Y"
"202-92","SOUTH STAR CONSTRUCTION CO LTD","南星營造有限公司","Kwun Tong","觀塘","2511 4231","Y","Y","Y","Y","Y","Y","Y","Y"
"218-92","Y P T INTERNATIONAL LTD","建宏國際有限公司","Kwun Tong","觀塘","2723 2168","Y","Y","Y","Y","Y","Y","Y","Y"
"287-92","C E C CATERING EQUIP CO LTD","C E C 酒店設備有限公司","Kwun Tong","觀塘","2751 9592","Y","Y","Y","Y","Y","Y","Y","N"
"419-96","MING FUNG CONSTRUCTION ENGINEERING LIMITED","明峰營造工程有限公司","Kwun Tong","觀塘","2954 2282","Y","Y","Y","Y","Y","Y","Y","Y"
"429-96","VTEC ENGINEERING CO","永輝工程公司","Kwun Tong","觀塘","2775 1577 ","Y","Y","Y","N","Y","Y","N","N"
"433-96","JACKSON (HK) ENG CO LTD","捷信(香港)工程有限公司","Kwun Tong","觀塘","2330 6228","Y","Y","Y","Y","Y","Y","Y","Y"
"449-97","CHEVRON HONG KONG LIMITED","雪佛龍香港有限公司","Kwun Tong","觀塘","2802 8338 / 2588 7681","Y","Y","Y","Y","Y","Y","Y","Y"
"474-98","GOLDEN TARGET KITCHEN ENG LTD","金得廚具工程有限公司","Kwun Tong","觀塘","2344 1330","Y","Y","Y","Y","Y","Y","Y","Y"
"523-00","KWONG HING HONG PETROLEUM PRODUCT COMPANY LIMITED","江興行石油產品有限公司","Kwun Tong","觀塘","2344 2201","Y","Y","Y","Y","Y","Y","Y","Y"
"556-01","DICKMING ENGINEERING COMPANY LTD","迪明工程有限公司","Kwun Tong","觀塘","2341 1883","Y","Y","Y","Y","Y","Y","Y","Y"
"602-02","ALPHA APPLIANCES LTD","第一電業有限公司","Kwun Tong","觀塘","2798 0929","Y","Y","Y","Y","Y","N","N","N"
"616-03","VTEC GAS ENGINEERING COMPANY LIMITED","永輝氣體工程有限公司","Kwun Tong","觀塘","2775 1577  ","Y","Y","Y","N","Y","N","N","N"
"619-03","MAN POWER ENGINEERING COMPANY","偉倫工程公司","Kwun Tong","觀塘","9023 0005","Y","Y","Y","Y","Y","Y","Y","Y"
"623-03","SWEDISH TRADING COMPANY LIMITED","瑞典洋行有限公司","Kwun Tong","觀塘","2953 5111 / 2953 5138","Y","Y","Y","Y","Y","Y","Y","Y"
"633-03","THE JARDINE ENGINEERING CORPORATION LIMITED","怡和機器有限公司","Kwun Tong","觀塘","2807 4112","Y","N","N","Y","N","N","N","N"
"642-04","KWAN YIP ENGINEERING COMPANY","均業工程公司","Kwun Tong","觀塘","9884 3886","Y","Y","Y","Y","Y","Y","Y","Y"
"645-04","GOLD POWER GAS ENGINEERING","金力氣體工程","Kwun Tong","觀塘","2331 2921","Y","Y","Y","Y","Y","Y","Y","Y"
"650-04","WING TAI LUNG","永泰隆","Kwun Tong","觀塘","2348 3898","Y","N","N","Y","N","N","N","N"
"653-04","TAT HING GAS & ENGINEERING CO","達興煤氣工程公司","Kwun Tong","觀塘","2217 6298 ","Y","Y","Y","N","Y","N","N","N"
"656-04","CANTON GLORY TECHOLOGY LTD","粵凱科技有限公司","Kwun Tong","觀塘","2243 2301","Y","Y","Y","Y","Y","Y","Y","Y"
"660-05","UNIVERSAL GAS ENGINEERING LIMITED","環球燃氣工程有限公司","Kwun Tong","觀塘","2806 8708 / 2806 8750","Y","Y","Y","Y","Y","Y","Y","Y"
"673-05","SEA GULL ENGINEERING CO. LTD.","海鷗廚具工程有限公司","Kwun Tong","觀塘","2697 1981","Y","Y","Y","Y","Y","Y","Y","N"
"683-06","GLAMOUR DESIGN CO","金輝設計工程公司","Kwun Tong","觀塘","2676 6206","Y","Y","Y","N","N","N","N","N"
"692-07","WORLD ENGINEERING LIMITED","上將工程有限公司","Kwun Tong","觀塘","2347 9278","Y","Y","Y","Y","Y","Y","Y","Y"
"746-10","SING LUEN STAINLESS STEEL CATERING EQUIPMENT MANUFACTURING LIMITED","星聯廚具設備有限公司","Kwun Tong","觀塘","9031 5611","Y","Y","Y","Y","Y","Y","Y","Y"
"769-11","MING HO ENGINEERING COMPANY LIMITED","銘灝工程有限公司","Kwun Tong","觀塘","2796 5968","Y","Y","Y","Y","Y","Y","Y","Y"
"772-11","DAH CHONG HONG, LIMITED","大昌貿易行有限公司","Kwun Tong","觀塘","3500 4913 / 2262 1679","Y","Y","Y","Y","Y","Y","Y","Y"
"774-11","THERMCO ASIA LIMITED","科亞飲食設備有限公司","Kwun Tong","觀塘","2793 3668 / 2793 1065","Y","Y","Y","Y","Y","Y","Y","Y"
"778-12","PARKINSON CO LIMITED","栢力勤工程有限公司","Kwun Tong","觀塘","5188 9186","Y","Y","Y","Y","Y","Y","Y","Y"
"779-12","YAU SANG ENGINEERING SERVICES LIMITED","祐生工程服務有限公司","Kwun Tong","觀塘","2605 9887 / 2323 3680","Y","Y","Y","Y","Y","Y","Y","Y"
"785-12","GLAMOUR DESIGN COMPANY LIMITED","金輝設計工程有限公司","Kwun Tong","觀塘","2676 6206 ","Y","Y","Y","N","N","N","N","N"
"790-12","WELL FEAT CATERING EQUIPMENT CO., LIMITED","滙鋒廚具有限公司","Kwun Tong","觀塘","2688 0832","Y","Y","Y","Y","Y","Y","Y","N"
"799-13","WELL LIFE ENGINEERING LIMITED","耀康工程有限公司","Kwun Tong","觀塘","2185 7241 / 3748 9850","Y","Y","Y","Y","Y","Y","Y","N"
"816-14","PROMISE SERVICE (HONG KONG) COMPANY LIMITED","信諾服務 (香港) 有限公司","Kwun Tong","觀塘","3158 6572","Y","Y","Y","Y","Y","Y","Y","Y"
"820-14","FAST ENGINEERING CO.","飛騰工程公司","Kwun Tong","觀塘","6033 6721","Y","Y","Y","N","N","N","N","N"
"823-15","YEE SHING (UNION) ENGINEERING COMPANY LIMITED","裕成 (友聯) 工程有限公司","Kwun Tong","觀塘","2617 1060 ","Y","Y","Y","Y","Y","Y","Y","Y"
"829-15","MIELE (HONG KONG) LIMITED","MIELE (HONG KONG) LIMITED","Kwun Tong","觀塘","2610 1331","Y","Y","Y","Y","Y","Y","Y","Y"
"841-15","HON HIN ENGINEER","漢軒工程","Kwun Tong","觀塘","6152 9974","Y","Y","Y","N","Y","Y","N","N"
"850-16","WAI TAT GAS ENGINEERING CO.","偉達煤氣工程公司","Kwun Tong","觀塘","2217 6298","Y","Y","Y","N","Y","N","N","N"
"858-16","TEAM GAS COMPANY","尚進氣體工程公司","Kwun Tong","觀塘","5545 1907","Y","Y","Y","Y","N","N","N","N"
"871-18","SIMPLE GAS ENGINEERING CO LIMITED","簡單氣體工程有限公司","Kwun Tong","觀塘","6085 6172 / 9430 4967","Y","Y","Y","N","N","N","N","N"
"875-18","NAMAN ENGINEERING LIMITED","東浚工程有限公司","Kwun Tong","觀塘","2566 6866","Y","Y","Y","Y","Y","Y","Y","Y"
"877-18","PACIFIC FOODSERVICE EQUIPMENT CO LIMITED","太平洋餐飲設備有限公司","Kwun Tong","觀塘","2117 3392","Y","Y","Y","Y","Y","Y","Y","Y"
"879-18","CHEUNG HING ENGINEERING COMPANY","祥興工程公司","Kwun Tong","觀塘","6074 4628","Y","Y","Y","Y","Y","Y","Y","Y"
"883-18","DIAMOND SKY ENERGY LIMITED","天鑽能源有限公司","Kwun Tong","觀塘","2321 0165","Y","Y","N","Y","N","N","N","N"
"125-92","CHAMPION ENG CO","大鵬工程公司","North District","北區","2668 0704","Y","Y","Y","Y","Y","Y","Y","Y"
"168-92","TAI MAN HONG","大文行","North District","北區","2674 9661","Y","N","N","Y","N","N","N","N"
"417-96","KIT FONG ENGINEERING CO","杰豐廚具工程公司","North District","北區","2668 1187","Y","Y","Y","Y","Y","Y","Y","Y"
"418-96","SUN HING HONG (MING SANG) PETROLEUM PRODUCTS CO LTD","新興行（明生）石油產品有限公司","North District","北區","2672 0268","Y","N","N","N","N","N","N","N"
"586-02","POLY WIN (WO KEE) PETROLEUM CO LTD","匯捷(和記)石油有限公司","North District","北區","2675 6403","Y","Y","Y","Y","Y","N","N","N"
"587-02","SPEED VAST OIL & CHEMICALS LTD","迅昇石油化工有限公司","North District","北區","2676 2263 ","Y","Y","Y","Y","Y","Y","Y","Y"
"703-07","MAN HING HONG PETROLEUM PRODUCT LIMITED","文興行石油產品有限公司","North District","北區","2674 9256","Y","N","N","N","N","N","N","N"
"721-09","FU HING HONG","富興行","North District","北區","2668 0283","Y","Y","N","Y","Y","N","N","N"
"734-09","YUK HING GAS STOVES ENGINEERING COMPANY","玉興爐具工程公司","North District","北區","2443 2232  ","Y","Y","Y","Y","N","N","N","N"
"742-10","CHUNG HAY GAS WORKS CO","忠希工程公司","North District","北區","6186 2004","Y","Y","Y","N","N","N","N","N"
"754-10","LEE ENTREPRENEUR LIMITED","利峯行有限公司","North District","北區","2669 9055","Y","Y","Y","Y","Y","Y","Y","Y"
"766-11","KAM TAI GAS ENGINEERING CO.","金泰氣體工程公司","North District","北區","6702 0116","Y","Y","Y","N","Y","N","N","N"
"767-11","HING LUNG HONG","興隆行","North District","北區","2675 6090 ","Y","Y","N","Y","N","N","N","N"
"791-12","FOOK KEE ENGINEERING COMPANY","福記工程公司","North District","北區","2674 0378","Y","Y","Y","Y","Y","Y","Y","Y"
"797-13","WO KEE PETROLEUM COMPANY LIMITED","和記石油有限公司","North District","北區","2675 6403","Y","Y","Y","Y","Y","Y","Y","N"
"801-13","YAT SUN CHEONG GROCERY","逸生昌","North District","北區","2674 0650","Y","N","N","N","N","N","N","N"
"832-15","HON KEE L. P. GAS ENGINEERING COMPANY LIMITED","漢記石油工程有限公司","North District","北區","2675 4866","Y","Y","Y","Y","N","N","N","N"
"837-15","ABLE GAS ENGINEERING LIMITED","永寶石油產品工程有限公司","North District","北區","2639 2113","Y","Y","N","Y","N","N","N","N"
"849-16","KAM PO ENGINEERING COMPANY LIMITED","金寶香港工程有限公司","North District","北區","6629 9531","Y","Y","Y","N","N","N","N","N"
"071-92","LUNG CHEONG RICE & GROCERY SHOP","聯昌號","Sai Kung","西貢","2719 8393","Y","Y","Y","Y","Y","Y","Y","N"
"090-92","THE BROTHERS CO","兄弟行","Sai Kung","西貢","2792 2056","Y","Y","Y","Y","Y","N","N","N"
"103-92","YAU LUEN GAS COMPANY (WHEEL CRYSTAL INDUSTRIAL LTD.)","友聯石油氣公司(多惠實業有限公司)","Sai Kung","西貢","2792 2662","Y","Y","Y","Y","Y","Y","Y","N"
"224-92","WAH KEE","華記","Sai Kung","西貢","2792 6797","Y","Y","N","N","N","N","N","N"
"470-98","CHUN WAI HONG (WAH CHI) LTD","振威行﹝華智﹞有限公司","Sai Kung","西貢","9017 9250","Y","Y","Y","Y","Y","Y","Y","Y"
"582-02","MAN LEE HONG PETROLEUM PRODUCTS & ENGINEERING COMPANY LIMITED","萬利行石油工程有限公司","Sai Kung","西貢","2791 7639","Y","Y","Y","Y","N","N","N","N"
"626-03","THE HONG KONG UNIVERSITY OF SCIENCE AND TECHNOLOGY","香港科技大學","Sai Kung","西貢","2358 6850","Y","Y","Y","Y","Y","Y","Y","Y"
"667-05","WAH KEE GAS ENGINEERING LIMITED","華記氣體工程有限公司","Sai Kung","西貢","2792 6668","Y","Y","Y","Y","Y","N","N","N"
"739-09","SUPER ENERGY SERVICES LIMITED","超力能源有限公司","Sai Kung","西貢","2792 0772","Y","Y","Y","Y","Y","N","Y","N"
"844-15","ARTTASK CO.","雅達公司","Sai Kung","西貢","2813 9998","Y","N","N","N","N","N","N","N"
"051-92","TAT KUEN ENG CO","達權工程公司","Sha Tin","沙田","2564 0418","Y","Y","Y","Y","Y","Y","Y","N"
"075-92","SHEUNG LOK L.P. GAS CO.","常樂石油氣公司","Sha Tin","沙田","2699 8899","Y","Y","Y","Y","Y","Y","Y","Y"
"081-92","LEE'S RICHLAND (HK) ENG CO LTD","利景豐（香港）煤氣工程有限公司","Sha Tin","沙田","2605 4862","Y","Y","Y","Y","Y","Y","Y","Y"
"111-92","LEON PLUMBING & GAS WORKS LTD","利安煤氣有限公司","Sha Tin","沙田","2601 5227","Y","Y","Y","Y","Y","Y","Y","Y"
"156-92","MING SHING ENG CO LTD","明成工程有限公司","Sha Tin","沙田","2697 8780","Y","Y","Y","Y","Y","Y","Y","Y"
"186-92","CAPITAL GAIN S & K ENG CO LTD","吉利鋼具廚具工程有限公司","Sha Tin","沙田","2699 0086","Y","Y","Y","Y","Y","Y","Y","N"
"255-92","LUEN HING ENG CO LTD","聯興工程有限公司","Sha Tin","沙田","2649 9832","Y","Y","Y","Y","Y","Y","Y","Y"
"256-92","YIM'S ENG (HK) CO LTD","嚴氏工程（香港）有限公司","Sha Tin","沙田","2686 8565","Y","Y","Y","Y","Y","Y","Y","Y"
"267-92","WAI KAI ENG CO","偉基爐具工程公司","Sha Tin","沙田","2604 5316 ","Y","Y","Y","Y","Y","Y","Y","Y"
"308-92","INTERNATIONAL ENG CO","國際機械工程公司","Sha Tin","沙田","2604 3827","Y","Y","Y","Y","Y","Y","Y","Y"
"332-92","TAI SUN GAS & STEEL IRON WORKS","大新煤氣鋼鐵工程","Sha Tin","沙田","2609 0619","Y","Y","Y","Y","Y","Y","Y","N"
"338-92","YIM'S ENG CO","嚴氏工程公司","Sha Tin","沙田","2686 8565","Y","Y","Y","Y","Y","Y","Y","Y"
"360-93","LUEN HING ENG CO","聯興工程公司","Sha Tin","沙田","2649 9832","Y","Y","Y","N","Y","Y","N","N"
"400-95","HOLFIELD ENG LTD","浩暉工程有限公司","Sha Tin","沙田","2330 1068","Y","Y","Y","Y","Y","Y","Y","Y"
"420-96","MAYSON GAS ENGINEERING COMPANY LIMITED","美新煤氣工程有限公司","Sha Tin","沙田","2690 4194 ","Y","Y","Y","N","Y","Y","Y","N"
"436-96","YUE FUNG STAINLESS STEEL KITCHEN INST & ENG CO","裕豐不銹鋼廚具工程公司","Sha Tin","沙田","2688 2006","Y","Y","Y","Y","Y","Y","Y","N"
"448-97","CHUN TAT METAL KITCHEN APPLIANCES WORKS","駿達五金爐灶工程","Sha Tin","沙田","2742 4035","Y","Y","Y","N","Y","Y","Y","N"
"452-97","SEIKO CO LTD","精藝氣體電業有限公司","Sha Tin","沙田","2690 4972 ","Y","Y","Y","Y","Y","Y","Y","Y"
"484-98","WING MING ENG CO LTD","永明（集團）酒店設備有限公司","Sha Tin","沙田","2606 6067","Y","Y","Y","Y","Y","Y","Y","Y"
"505-99","LUEN HOP (SUM KEE) ENG CO","聯合 (深記) 工程公司","Sha Tin","沙田","2636 6090","Y","Y","Y","Y","Y","Y","Y","N"
"512-00","KAM HUNG ENG CO","錦洪工程公司","Sha Tin","沙田","2662 0262","Y","Y","Y","N","Y","Y","Y","Y"
"535-01","SUNBRIGHT (UNION) ENGINEERING LIMITED","新輝(聯合)工程有限公司","Sha Tin","沙田","2638 8673  ","Y","Y","Y","Y","Y","Y","Y","Y"
"546-01","DRAGON ENGINEERING CO","龍騰工程公司","Sha Tin","沙田","2690 3858  ","Y","Y","Y","Y","Y","N","N","N"
"564-02","LION ENGINEERING","利安工程","Sha Tin","沙田","2608 2133 ","Y","Y","Y","Y","Y","N","N","N"
"566-02","SUNRISE ENTERPRISE HK LTD","朗昇企業香港有限公司","Sha Tin","沙田","2690 0968","Y","Y","Y","Y","N","N","N","N"
"568-02","WAI CHEONG HONG PETROL CO LTD","威昌行石油有限公司","Sha Tin","沙田","2691 6587","Y","Y","Y","Y","Y","Y","Y","N"
"575-02","CITYFORD ENGINEERING LIMITED","港佳工程有限公司","Sha Tin","沙田","9347 3177","Y","Y","Y","Y","Y","Y","Y","Y"
"578-02","TAM CHO KEE","譚就記","Sha Tin","沙田","9805 9550","Y","N","N","N","N","N","N","N"
"585-02","UNIGAS COMPANY LTD","UNIGAS COMPANY LTD","Sha Tin","沙田","2710 8810","Y","Y","Y","Y","Y","Y","Y","Y"
"593-02","FONG KEE GAS ENGINEERING CO LTD","方記氣體工程有限公司","Sha Tin","沙田","2690 3200 / 2690 1704","Y","Y","Y","Y","Y","Y","Y","Y"
"624-03","VCE VICPOINT CATERING ENG CO LTD","漢悅廚具工程有限公司","Sha Tin","沙田","2608 0333","Y","Y","Y","Y","Y","Y","Y","Y"
"638-04","TAI SHAN ENGINEERING COMPANY LIMITED","大山工程有限公司","Sha Tin","沙田","2145 4370","Y","Y","Y","Y","Y","Y","Y","Y"
"640-04","PANG KEE ENGINEERING CO","鵬記工程公司","Sha Tin","沙田","9520 8074","Y","Y","Y","Y","Y","Y","Y","N"
"649-04","WING KIT ENG CO","榮杰工程公司","Sha Tin","沙田","3157 0738 ","Y","Y","Y","Y","Y","Y","Y","Y"
"689-06","YAT FU ENGINEERING CO","日富工程公司","Sha Tin","沙田","9371 1353","Y","Y","Y","Y","Y","Y","Y","Y"
"691-07","CHIU YUET ENGINEERING CO","超越工程公司","Sha Tin","沙田","9218 0036","Y","Y","Y","N","Y","Y","N","N"
"694-07","GOOD SUN ENGINEERING LIMITED","昇輝工程有限公司","Sha Tin","沙田","2638 8705 ","Y","Y","Y","Y","Y","Y","Y","Y"
"696-07","LION ENGINEERING TRADING LIMITED","利安工程貿易有限公司","Sha Tin","沙田","2608 2133 ","Y","Y","Y","Y","Y","Y","Y","Y"
"731-09","WING CHUN ENG CO","穎俊工程公司","Sha Tin","沙田","2601 5227","Y","Y","Y","N","Y","Y","N","N"
"744-10","CHEUNG FAT KWAN LUNG HONG CO., LIMITED","祥發坤龍行有限公司","Sha Tin","沙田","2691 1531","Y","Y","Y","Y","Y","Y","Y","Y"
"749-10","WING KIT ENGINEERING COMPANY LIMITED","榮杰工程有限公司","Sha Tin","沙田","3157 0738 ","Y","Y","Y","Y","Y","Y","Y","Y"
"761-11","HONOUR GAS COMPANY LIMITED","鈞匯氣體工程有限公司","Sha Tin","沙田","2690 3700","Y","Y","Y","Y","N","N","Y","N"
"764-11","FULLY KITCHEN ENG. COMPANY LIMITED","富利廚具工程有限公司","Sha Tin","沙田","3568 8492 ","Y","Y","Y","Y","Y","Y","Y","Y"
"780-12","HO KING GAS WORKING LIMITED","灝景煤氣工程有限公司","Sha Tin","沙田","2601 5227","Y","Y","Y","N","N","N","N","N"
"793-13","CHIU TAT KITCHEN EQUIPMENT CO., LIMITED","潮達廚具設備有限公司","Sha Tin","沙田","2690 3323","Y","Y","Y","Y","Y","Y","Y","Y"
"803-14","WING SHUN ENGINEERING COMPANY LIMITED","永順廚具工程有限公司","Sha Tin","沙田","2606 6553","Y","Y","Y","N","Y","Y","Y","Y"
"805-14","SAN LIP CATERING EQUIPMENT COMPANY LIMITED","新力廚具工程有限公司","Sha Tin","沙田","2687 5582","Y","Y","N","N","Y","Y","Y","N"
"808-14","WING MING GAS ENGINEERING CO LIMITED","永明氣體工程有限公司","Sha Tin","沙田","9286 7928 / 3421 0828","Y","Y","Y","N","N","N","N","N"
"824-15","SKYPRO DESIGN ENGINEERING COMPANY LIMITED","卓橋工程有限公司","Sha Tin","沙田","2638 8673","Y","Y","Y","N","N","N","N","N"
"862-17","WELL-TECH ENGINEERING (HONG KONG) COMPANY LIMITED","宏宙工程(香港)有限公司","Sha Tin","沙田","2638 8637","Y","Y","Y","N","N","N","N","N"
"869-17","GOOD HARVEST GAS ENGINEERING LIMITED","明利氣體工程有限公司","Sha Tin","沙田","3153 2131","Y","Y","Y","Y","Y","Y","Y","Y"
"878-18","LUEN SHING","聯城工程公司","Sha Tin","沙田","6293 9857","Y","Y","Y","N","N","N","N","N"
"881-18","BEST STARTER ENGINEERING ENTERPRISE CO","啟盛工程貿易公司","Sha Tin","沙田","9168 1039","Y","Y","Y","Y","Y","Y","N","N"
"031-92","SHIU CHEONG HONG TRADING CO LTD","紹昌行貿易有限公司","Sham Shui Po","深水埗","2392 5198","Y","Y","N","N","N","N","N","N"
"115-92","HONG KONG LP GAS SERVICE CO","香港石油氣服務公司","Sham Shui Po","深水埗","2779 7792","Y","Y","Y","Y","Y","Y","Y","Y"
"339-92","PERFECT FIRE PROTECTION CO","協成防火公司","Sham Shui Po","深水埗","2332 3686","Y","Y","Y","N","N","N","N","N"
"370-93","TAI CHEONG HONG","大錩行","Sham Shui Po","深水埗","2728 0195","Y","N","N","Y","N","N","N","N"
"427-96","LOK SING L.P. GAS LIMITED","樂聲石油氣有限公司","Sham Shui Po","深水埗","2396 8273","Y","Y","Y","Y","Y","Y","Y","N"
"463-97","KEYSTONE (WORLDWIDE) ENGINEERING COMPANY LIMITED","基迅 (國際) 工程有限公司","Sham Shui Po","深水埗","2667 4030","Y","Y","Y","Y","Y","Y","Y","Y"
"481-98","NICE GAS ENGINEERING LIMITED","利時氣體工程有限公司","Sham Shui Po","深水埗","2481 7040 ","Y","Y","Y","Y","Y","Y","Y","Y"
"500-99","SUN HING FAT PETROLEUM ENGINEERING CO (RIVERLINE DEVELOPMENT LIMITED)","新興發石油工程公司(大江南發展有限公司)","Sham Shui Po","深水埗","2728 1633 / 2361 8316","Y","Y","Y","Y","Y","Y","Y","Y"
"551-01","GREAT FOREST ENGINEERING COMPANY LIMITED","浩林工程有限公司","Sham Shui Po","深水埗","2334 6030","Y","Y","Y","Y","Y","Y","Y","N"
"560-02","MEI FUNG PETROLEUM CO LTD","美豐石油有限公司","Sham Shui Po","深水埗","2741 3366","Y","Y","Y","Y","Y","Y","Y","Y"
"572-02","YUE FUNG STOVE ENG SERVICE CO LTD","裕豐廚務工程有限公司","Sham Shui Po","深水埗","2778 1606","Y","Y","Y","Y","Y","Y","Y","Y"
"583-02","JAU TAT OIL","友達石油","Sham Shui Po","深水埗","6032 9688","Y","N","N","N","N","N","N","N"
"600-02","SUN HING GAS COMPANY","新興石油氣公司","Sham Shui Po","深水埗","2741 2683","Y","Y","Y","Y","Y","Y","Y","Y"
"613-03","LI FUNG (MAN KEE) OIL COMPANY","利豐(文記)石油公司","Sham Shui Po","深水埗","2720 6509","Y","N","N","N","N","N","N","N"
"618-03","FOO MEI ENGINEER COMPANY","富美工程","Sham Shui Po","深水埗","9283 4813","Y","Y","Y","Y","Y","Y","Y","Y"
"629-03","CHEONG WANG ELECTRICAL","昌泓家電","Sham Shui Po","深水埗","2776 6567","Y","Y","Y","Y","Y","Y","Y","Y"
"636-04","YAT LEE ENGINEERING CO","溢利工程公司","Sham Shui Po","深水埗","2139 2446  ","Y","Y","Y","Y","Y","Y","Y","Y"
"752-10","N.E. WAVE ENGINEERING COMPANY","新浪工程公司","Sham Shui Po","深水埗","9220 9740","Y","Y","Y","Y","Y","Y","Y","N"
"758-10","TAI YAU HONG PETROLEUM COMPANY LIMITED","大有行石油有限公司","Sham Shui Po","深水埗","2392 3892 / 2729 2792","Y","N","N","N","N","N","N","N"
"773-11","NICE GAS DEVELOPMENT LIMITED","利時香港發展有限公司","Sham Shui Po","深水埗","2481 7040","Y","Y","Y","Y","Y","Y","Y","Y"
"784-12","HING YIN ENGINEERING CO.","興賢工程公司","Sham Shui Po","深水埗","3487 8926","Y","Y","Y","Y","N","N","N","N"
"821-14","SUNG CHI ENGINEERING CO.","崇志工程公司","Sham Shui Po","深水埗","2387 8236","Y","Y","Y","Y","Y","Y","Y","Y"
"828-15","HANG WING HONG PETROLEUM COMPANY LIMITED","鏗榮行石油有限公司","Sham Shui Po","深水埗","2708 2138","Y","N","N","Y","N","N","N","N"
"846-16","SUN KEE LP GAS CO. LIMITED","新記石油氣有限公司","Sham Shui Po","深水埗","2434 5622","Y","Y","Y","Y","Y","N","Y","N"
"870-18","HEUNG WANG ENGINEERING CO.","向宏工程公司","Sham Shui Po","深水埗","9500 9492","Y","Y","Y","Y","Y","Y","Y","N"
"059-92","PO SIN SING KEE ENG CO LTD","保鮮成記工程有限公司","Southern District","南區","2554 8663","Y","Y","Y","Y","Y","Y","Y","Y"
"485-98","LUEN FAT CO","聯發公司","Southern District","南區","2552 5184","Y","N","N","N","N","N","N","N"
"506-99","MENTOR DESIGN & ENG CO LTD","萬通工程有限公司","Southern District","南區","2871 0979","Y","Y","Y","Y","Y","Y","Y","Y"
"659-05","WINDEX INDUSTRIAL EQUIPMENT & ENGINEERING CO LTD","源達器材有裉公司","Southern District","南區","2873 2950","Y","Y","Y","N","N","N","N","N"
"695-07","MENTOR CORPORATION LTD","NIL","Southern District","南區","2871 0979","Y","Y","Y","Y","N","N","N","N"
"776-12","KITCHEN INFINITY CORP. LIMITED","(沒有提供中文店名)","Southern District","南區","2553 8353","Y","Y","Y","Y","Y","Y","Y","Y"
"802-14","LEI TAT GAS ENGINEERING LIMITED","利達氣體工程有限公司","Southern District","南區","6745 3008","Y","Y","Y","Y","Y","Y","Y","Y"
"819-14","GLOBAL DEVELOPING COMPANY LIMITED","全球拓展有限公司","Southern District","南區","3487 3337","Y","Y","Y","Y","Y","Y","Y","N"
"825-15","MING FUNG ENGINEERING COMPANY","銘峰工程公司","Southern District","南區","9077 7581","Y","Y","Y","N","N","N","N","N"
"310-92","KONG FUNG HONG","廣豐行","Tai Po","大埔","2656 7132","Y","N","N","N","N","N","N","N"
"373-94","KWOK FU PETROLEUM COMPANY LIMITED","國富石油有限公司","Tai Po","大埔","2653 2660","Y","Y","Y","Y","Y","Y","Y","Y"
"437-96","WAI LUEN ENGINEERING CO","偉聯工程公司","Tai Po","大埔","2994 6535 ","Y","Y","Y","N","N","N","N","N"
"521-00","YING SHUN ENGINEERING CO","盈迅工程公司","Tai Po","大埔","2662 5177  ","Y","Y","Y","Y","Y","Y","N","N"
"527-00","KWAI WING (LPG) ENG CO LTD","桂永石油氣工程有限公司","Tai Po","大埔","9030 9884","Y","Y","Y","Y","Y","Y","Y","Y"
"529-01","HANG SING (LPG TG) ENGINEERING CO LTD","恆星石油氣煤氣工程有限公司","Tai Po","大埔","2677 5626 ","Y","Y","Y","Y","Y","Y","Y","Y"
"589-02","KUT CHIAP LTD","吉集有限公司","Tai Po","大埔","2657 5557","Y","Y","Y","Y","Y","Y","Y","Y"
"614-03","LEE KWONG HONG (OIL) CO","利光行石油產品公司","Tai Po","大埔","2657 2222","Y","Y","N","N","N","N","N","N"
"632-03","SANG KEE HONG PETROLEUM PROD CO","生記行石油產品公司","Tai Po","大埔","2656 2366","Y","Y","Y","Y","Y","Y","N","N"
"740-09","WAI HON E & M ENGINEERING COMPANY LIMITED","威漢機電工程有限公司","Tai Po","大埔","2638 0186","Y","Y","Y","Y","Y","Y","Y","Y"
"777-12","KIU LUEN COMPANY LIMITED","僑聯石油有限公司","Tai Po","大埔","2656 5333","Y","Y","Y","Y","Y","Y","N","N"
"786-12","TAI HING CHEONG","泰興昌","Tai Po","大埔","2656 1049","Y","N","N","N","N","N","N","N"
"796-13","LUNG YUH HONG (WAH KEE) COMPANY LIMITED","龍裕行 (華記) 有限公司","Tai Po","大埔","2656 9009","Y","Y","Y","Y","Y","Y","Y","Y"
"818-14","KOON KWAN PETROLEUM CHEMICAL LIMITED","冠君石油化工有限公司","Tai Po","大埔","2638 0082 / 2638 7771","Y","N","N","N","N","N","N","N"
"876-18","WELL KNOWN APPLIANCES AND ENGINEERING CO., LIMITED","新偉聯爐具工程有限公司","Tai Po","大埔","5612 6136 / 9232 0299","Y","Y","Y","Y","Y","Y","Y","Y"
"884-18","RICHTECH (NT) PETROLEUM PRODUCTS CO. LIMITED","利達(新界)石油產品有限公司","Tai Po","大埔","24634999","Y","N","N","N","N","N","N","N"
"001-91","CHONG HING HONG PETROLEUM PRODUCTS (TSUEN WAN) CO. LTD.","創興行石油產品(荃灣)有限公司","Tsuen Wan","荃灣","2492 2354","Y","Y","Y","Y","Y","Y","Y","Y"
"002-91","RELIANCE PETRO PROD ENG CO LTD","合群石油工程有限公司","Tsuen Wan","荃灣","2490 0904","Y","Y","Y","Y","Y","Y","Y","Y"
"161-92","TAI FAT ENG CO","大發工程公司","Tsuen Wan","荃灣","9176 1358","Y","Y","Y","Y","Y","Y","Y","Y"
"321-92","POLYTEK ENGINEERING CO LTD","保得工程有限公司","Tsuen Wan","荃灣","2807 3322","Y","Y","Y","Y","Y","Y","Y","Y"
"372-93","EVERWIN GAS ENGINEERING CO","德成煤氣，水喉工程公司","Tsuen Wan","荃灣","2766 2871 ","Y","Y","Y","Y","Y","Y","Y","N"
"383-94","W. A. SOMERVILLE & CO LTD","岑茂威有限公司","Tsuen Wan","荃灣","2408 0080","Y","N","N","Y","N","N","Y","Y"
"432-96","HOP KWONG HONG PETROLEUM CO LTD","合光行石油有限公司","Tsuen Wan","荃灣","2491 0119 ","Y","Y","Y","Y","N","N","N","N"
"461-97","CHUN HING PETRO-CHEMICAL LTD","振興石化有限公司","Tsuen Wan","荃灣","2490 8772","Y","Y","Y","Y","Y","Y","Y","Y"
"465-98","TAK SHING CONSTRUCTION CO LTD","德成建築有限公司","Tsuen Wan","荃灣","2615 0098","Y","Y","Y","N","Y","N","N","N"
"538-01","SUN HING LOONG LP GAS LTD","新興隆石油氣有限公司","Tsuen Wan","荃灣","2402 9996 / 2490 8581 / 2410 0233","Y","N","N","Y","N","N","N","N"
"646-04","HIBACHI GAS COOKER LIMITED","氣霸爐具有限公司","Tsuen Wan","荃灣","2300 1357","Y","Y","Y","Y","Y","Y","Y","Y"
"651-04","CHEONG WING HONG COMPANY LIMITED","昌榮行有限公司","Tsuen Wan","荃灣","2490 0951","Y","N","N","N","N","N","N","N"
"716-08","TAK SANG HONG","德生行","Tsuen Wan","荃灣","2414 5552","Y","N","N","N","N","N","N","N"
"720-09","WING SHUN (HONG KONG) COMPANY LIMITED","永順行(香港)有限公司","Tsuen Wan","荃灣","3583 1694 ","Y","Y","Y","Y","N","N","N","N"
"724-09","NAPIER HOUSE LIMITED","利時行有限公司","Tsuen Wan","荃灣","2490 8772","Y","N","N","N","N","N","N","N"
"726-09","L. C. CO","勵晉行","Tsuen Wan","荃灣","9205 5610 / 9559 9174","Y","Y","Y","Y","Y","Y","Y","Y"
"755-10","LIGHTING GAS STOVES TRADING LIMITED","星暉爐具貿易有限公司","Tsuen Wan","荃灣","2490 0073","Y","Y","Y","Y","Y","Y","Y","Y"
"854-16","WING FUNG OIL COMPANY LIMITED","榮豐石油有限公司","Tsuen Wan","荃灣","6604 7711","Y","Y","Y","Y","Y","Y","Y","Y"
"855-16","KAM TAK ELECTRICAL ENGINEERING COMPANY LIMITED","金德電業工程有限公司","Tsuen Wan","荃灣","2148 3684","Y","Y","Y","Y","Y","Y","Y","Y"
"864-17","WEALTHY LINK INTERNATIONAL TRADING LIMITED","富進國際貿易有限公司","Tsuen Wan","荃灣","5160 7500 ","Y","Y","Y","Y","Y","Y","Y","Y"
"868-17","FU YEE HONG GAS ENGINEERING LIMITED","富義行氣體工程有限公司","Tsuen Wan","荃灣","2682 8088","Y","Y","Y","Y","Y","N","N","N"
"004-91","YAU ON LPG MANAGEMENT LTD","友安石油氣管理有限公司","Tuen Mun","屯門","2451 0355","Y","Y","Y","Y","Y","Y","Y","Y"
"013-92","HUNG HING ENG CO","鴻興工程公司","Tuen Mun","屯門","2459 9783","Y","Y","Y","Y","Y","Y","Y","Y"
"020-92","MING FAI ENG CO","明輝工程公司","Tuen Mun","屯門","2459 5684","Y","Y","Y","Y","Y","Y","Y","Y"
"035-92","HUNG KEE HONG (TAI HING)","鴻記行（大興）","Tuen Mun","屯門","2463 3066","Y","Y","Y","Y","Y","N","N","N"
"057-92","HOP FAT HONG GAS (PUI KEE)","合發行石油氣（培記）","Tuen Mun","屯門","2459 6442 / 9804 6069","Y","N","N","Y","N","N","N","N"
"083-92","YAU LUEN GAS & KITCHENWARES WORKS LTD","友聯煤氣廚具工程有限公司","Tuen Mun","屯門","2698 8001 ","Y","Y","Y","Y","Y","Y","Y","Y"
"237-92","KIN LEE PETROLEUM PRODUCTS LTD","堅利石油產品有限公司","Tuen Mun","屯門","2459 8392","Y","Y","N","N","N","N","N","N"
"296-92","N S COMMERICAL CATERING EQUIPMENT COMPANY","南星商業廚具設備公司","Tuen Mun","屯門","2412 4978","Y","Y","Y","Y","Y","Y","Y","Y"
"381-94","SHING HING GAS ENGINEERING CO","誠興氣體工程公司","Tuen Mun","屯門","2450 5618","Y","Y","Y","Y","Y","Y","Y","N"
"393-95","SHING HING PETROLEUM AND CHEMICALS LIMITED","成興石化有限公司","Tuen Mun","屯門","2465 1851","Y","Y","Y","Y","Y","Y","Y","Y"
"495-99","WAI WAH ENGINEERING CO.","偉華工程公司","Tuen Mun","屯門","2875 2099","Y","Y","Y","Y","Y","Y","Y","Y"
"522-00","LEE KWAN HONG","利群行","Tuen Mun","屯門","2459 4786","Y","N","N","N","N","N","N","N"
"547-01","FU HING HONG PETROLEUM LTD","富興行石油有限公司","Tuen Mun","屯門","2613 2251 ","Y","Y","Y","Y","Y","Y","Y","Y"
"563-02","HING LEE GAS ENGINEERING LIMITED","興利氣體工程有限公司","Tuen Mun","屯門","2770 0989","Y","Y","Y","Y","Y","Y","Y","Y"
"662-05","KAM YAT INTERNATIONAL ENGINEERING CO.","金溢國際工程公司","Tuen Mun","屯門","9225 6087","Y","Y","Y","Y","Y","Y","Y","Y"
"664-05","CHEN LUEN REFRIGERATION STEEL EQUIPMENT CO. LIMITED","振聯鋼具有限公司","Tuen Mun","屯門","2473 2955 ","Y","Y","Y","Y","Y","Y","Y","Y"
"671-05","YICK WAH ENG (INTERNATIONAL) CO LTD","益華工程(國際)有限公司","Tuen Mun","屯門","3954 5194 ","Y","Y","Y","Y","Y","Y","N","N"
"679-06","GAS TECH ENGINEERING LIMITED","鉦達工程有限公司","Tuen Mun","屯門","9465 8852","Y","Y","Y","Y","Y","Y","Y","Y"
"717-08","AFFLUENCE ENG LTD","豫豐工程有限公司","Tuen Mun","屯門","6622 4177 / 9887 1529","Y","Y","Y","Y","Y","N","N","N"
"732-09","CHOVIC ENGINEERING COMPANY LIMITED","創域工程(氣體)有限公司","Tuen Mun","屯門","2944 5430","Y","Y","Y","Y","Y","N","Y","Y"
"753-10","WANG YIP KITCHEN EQUIPMENT & ENGINEERING LIMITED","宏業廚房設備工程有限公司","Tuen Mun","屯門","2467 1831 / 2466 8628","Y","Y","Y","Y","Y","Y","Y","Y"
"768-11","HUNG HING HONG","鴻興行貿易公司","Tuen Mun","屯門","2459 9783","Y","Y","Y","Y","Y","Y","Y","Y"
"814-14","GRAND OCEAN TRADING DEVELOPMENT LIMITED","海洋貿易發展有限公司","Tuen Mun","屯門","2673 7388 ","Y","N","N","N","N","N","N","N"
"815-14","GOLDEN RICH PETROLEUM PRODUCTS COMPANY LIMITED","有興行石油產品有限公司","Tuen Mun","屯門","8102 6628","Y","N","N","N","N","N","N","N"
"827-15","MIAO YAM GAS ENGINEERING CO.","淼鑫氣體工程公司","Tuen Mun","屯門","9718 9992","Y","Y","Y","Y","Y","Y","Y","Y"
"859-16","POLY GAS ENGINEERING COMPANY","保利氣體工程公司","Tuen Mun","屯門","9741 4685","Y","Y","Y","Y","Y","Y","Y","N"
"865-17","HUNG KEE GAS ENGINEERING COMPANY LIMITED","鴻記煤氣工程有限公司","Tuen Mun","屯門","9436 1567","Y","Y","Y","N","N","N","N","N"
"885-18","MAN SHUN DESIGN ENGINEERING CO","文信設計工程公司","Tuen Mun","屯門","95150124","N","N","N","N","Y","Y","Y","N"
"091-92","WING HING OIL COMPANY LIMITED","榮興石油有限公司","Wan Chai","灣仔","2851 9900","Y","Y","Y","Y","Y","Y","Y","N"
"158-92","YING KEE ELECTRIC CO","瑩記電器公司","Wan Chai","灣仔","2885 6663","Y","Y","Y","Y","Y","Y","Y","Y"
"228-92","SINOPEC (HONG KONG) FUEL OIL COMPANY LIMITED","中石化  (香港) 燃料油有限公司","Wan Chai","灣仔","2431 2906","Y","Y","Y","Y","Y","Y","Y","Y"
"279-92","HIP SHUN CONST CO LTD","協順建築有限公司","Wan Chai","灣仔","2574 4972","Y","Y","Y","Y","Y","Y","Y","Y"
"375-94","WENDEN ENG SERVICE CO LTD","威電工程有限公司","Wan Chai","灣仔","2834 4368","Y","Y","Y","Y","Y","Y","Y","Y"
"493-98","SUPERB GOLD LTD","偉略有限公司","Wan Chai","灣仔","2570 3128","Y","Y","Y","Y","Y","Y","Y","Y"
"789-12","YING KEE ENGINEERING (HONG KONG) LIMITED","瑩記工程有限公司","Wan Chai","灣仔","2885 6663","Y","Y","Y","Y","Y","Y","Y","Y"
"126-92","SUN FAT STOVE ENGINEERING SERVICE","新發爐具維修工程","Wong Tai Sin","黃大仙","2323 5306  ","Y","Y","Y","Y","Y","Y","Y","Y"
"230-92","NEW CITY GAS ENGINEERING COMPANY LIMITED","新城市煤氣工程有限公司","Wong Tai Sin","黃大仙","3996 7617","Y","Y","Y","N","Y","Y","Y","N"
"345-92","YUEN FAT HO PROVISIONS CO","源發號","Wong Tai Sin","黃大仙","2321 2082","Y","N","N","N","N","N","N","N"
"351-92","WORLD HOPE DEVELOPMENT LIMITED","世望發展有限公司","Wong Tai Sin","黃大仙","2333 1972","Y","Y","Y","Y","Y","Y","Y","Y"
"410-96","CANTON CONCORD TECHNOLOGY LIMITED","粵光科技有限公司","Wong Tai Sin","黃大仙","2333 1972","Y","Y","Y","Y","Y","Y","Y","Y"
"441-97","SUN FAT CATERING EQUIPMENT & GAS ENGINEERING LTD","新發廚具氣體工程有限公司","Wong Tai Sin","黃大仙","2323 5306","Y","Y","Y","Y","Y","Y","Y","Y"
"457-97","MING HING TAI CONSTRUCTION LTD","明興泰建築有限公司","Wong Tai Sin","黃大仙","2325 6822","Y","Y","Y","Y","Y","Y","Y","Y"
"581-02","YING FUNG GAS ENGINEERING CO LTD","盈豐煤氣工程有限公司","Wong Tai Sin","黃大仙","2148 7636","Y","Y","Y","Y","Y","Y","Y","Y"
"603-02","YUEN SHING HONG","源盛行糧食公司","Wong Tai Sin","黃大仙","2320 0379","Y","N","N","N","N","N","N","N"
"657-04","SHING CHEONG HONG (HOP HING)","成昌行(合興)","Wong Tai Sin","黃大仙","2321 2787","Y","N","N","N","N","N","N","N"
"700-07","WING SING KITCHEN EQUIPMENT LIMITED","永成廚具設備有限公司","Wong Tai Sin","黃大仙","2323 5069","Y","Y","Y","Y","Y","Y","Y","Y"
"714-08","YAU FAT HONG PETRO PRODUCTS (HK)LTD","有發行石油產品(香港)有限公司","Wong Tai Sin","黃大仙","2328 8712","Y","Y","Y","Y","Y","N","Y","N"
"800-13","MEANINGFUL ENGINEERING COMPANY LIMITED","雋永工程有限公司","Wong Tai Sin","黃大仙","9550 1260","Y","Y","Y","N","Y","N","N","N"
"834-15","WING SING KITCHEN WARES ENGINEERING LIMITED","永成廚具設備工程有限公司","Wong Tai Sin","黃大仙","2323 5069 ","Y","Y","Y","Y","Y","Y","Y","Y"
"840-15","CHEUNG YIU HONG","祥耀行","Wong Tai Sin","黃大仙","2333 4612  ","Y","N","N","Y","N","N","N","N"
"857-16","INNOCORP LIMITED","","Wong Tai Sin","黃大仙","2512 1997","Y","N","N","Y","N","N","N","N"
"874-18","ANDREWS ENGINEERING COMPANY LIMITED","安卓安工程有限公司","Wong Tai Sin","黃大仙","6689 3057","Y","Y","Y","Y","N","N","N","N"
"880-18","CHEOK WANG CONSTRUCTION COMPANY LIMITED","卓宏工程服務有限公司","Wong Tai Sin","黃大仙","9620 3820","Y","Y","Y","N","Y","N","N","N"
"037-92","L.P. GASCO LTD","液體氣有限公司","Yau Tsim Mong","油尖旺","2667 6611","Y","Y","Y","Y","Y","Y","Y","Y"
"107-92","WINNER LP GAS CO","永華行（標準石油公司）","Yau Tsim Mong","油尖旺","2395 3912 / 2395 7387","Y","Y","Y","Y","Y","N","N","N"
"142-92","MAN DAT GAS ENG CO LTD","萬達煤氣工程有限公司","Yau Tsim Mong","油尖旺","2391 8363","Y","Y","Y","Y","Y","Y","Y","Y"
"169-92","WING HANG LIQUEFIED PETROLEUM GAS CO LTD","永亨石油氣有限公司","Yau Tsim Mong","油尖旺","2739 3320","Y","Y","Y","Y","Y","Y","Y","N"
"180-92","CHONG SHU SHING BLDG & CONST CO","莊儲成建築公司","Yau Tsim Mong","油尖旺","2381 5223","Y","Y","Y","N","N","N","N","N"
"197-92","CHUNG KEE ENGINEERING CO","忠記鋼鐵工程公司","Yau Tsim Mong","油尖旺","2385 0018","Y","Y","Y","Y","Y","Y","Y","Y"
"213-92","FULLY OIL CO LTD","富利火油有限公司","Yau Tsim Mong","油尖旺","2392 6248","Y","Y","Y","Y","Y","Y","Y","Y"
"293-92","EVER BRIGHT OIL LTD","恒光石油有限公司","Yau Tsim Mong","油尖旺","2393 9893  ","Y","N","N","N","N","N","N","N"
"313-92","KAM SAU HONG (LAM KAR YUEN GROCERY)","錦秀行（林家園糧食）","Yau Tsim Mong","油尖旺","2396 7279","Y","N","N","Y","N","N","N","N"
"392-95","WING FAT HONG (LEE KEE) TRAD LTD","永發行（利記）貿易有限公司","Yau Tsim Mong","油尖旺","2392 9488","Y","N","N","Y","N","N","N","N"
"430-96","UNION ENG CO","聯合工程公司","Yau Tsim Mong","油尖旺","9234 3971","Y","Y","Y","Y","Y","Y","Y","Y"
"447-97","TEAM FIRST LIMITED","添漢有限公司","Yau Tsim Mong","油尖旺","2762 1319","Y","Y","Y","Y","Y","Y","Y","Y"
"476-98","KIN FAT CONSTRUCTION CO LTD","健發建築有限公司","Yau Tsim Mong","油尖旺","2380 2121","Y","Y","Y","Y","Y","Y","Y","N"
"570-02","KWONG MING HONG OIL CO LTD","光明行石油有限公司","Yau Tsim Mong","油尖旺","2721 4946","Y","Y","N","Y","Y","N","N","N"
"573-02","FULLY GAS SUPPLY LIMITED","富利石油氣有限公司","Yau Tsim Mong","油尖旺","2392 6248","Y","Y","N","Y","N","N","N","N"
"577-02","HOP WING LP GAS CO","合榮石油氣公司","Yau Tsim Mong","油尖旺","2333 1354","Y","N","N","N","N","N","N","N"
"605-02","SUN SUN PETROLEUM CO LTD","薪新石油有限公司","Yau Tsim Mong","油尖旺","2392 1167","Y","Y","Y","Y","Y","Y","Y","N"
"615-03","KWONG WAH HONG","光華行","Yau Tsim Mong","油尖旺","2384 8162 ","Y","Y","Y","Y","Y","Y","Y","N"
"630-03","SHING FUNG PETROLEUM COMPANY LIMITED","盛豐石油有限公司","Yau Tsim Mong","油尖旺","2392 7151 ","Y","N","N","Y","N","N","N","N"
"666-05","BONUS TECH LIMITED","鴻安達有限公司","Yau Tsim Mong","油尖旺","2748 7582","Y","N","N","N","N","N","N","N"
"690-06","MAN DAT ENGINEERING (STEEL WORKS) CO LTD","萬達鋼具工程有限公司","Yau Tsim Mong","油尖旺","2395 6105","Y","Y","Y","Y","Y","Y","Y","Y"
"707-08","HUNG HING CONSTRUCTION LIMITED","雄興營造有限公司","Yau Tsim Mong","油尖旺","2783 0976","Y","Y","Y","Y","Y","Y","Y","Y"
"719-08","HONG KONG FOODSERVICE EQUIPMENT CO LTD","香港餐飲設備有限公司","Yau Tsim Mong","油尖旺","2300 1173 ","Y","Y","Y","Y","Y","Y","Y","Y"
"722-09","YIU KEE STEEL WORKS COMPANY LIMITED","耀記鋼鐵工程有限公司","Yau Tsim Mong","油尖旺","2385 2385","Y","Y","Y","Y","Y","Y","Y","Y"
"728-09","UNITED PROSPERITY PETROLEUM LIMITED","聯發嘉富石油有限公司","Yau Tsim Mong","油尖旺","2770 0517","Y","N","N","N","N","N","N","N"
"729-09","MAN KEE STEEL ENG CO LTD","晚記鋼鐵工程有限公司","Yau Tsim Mong","油尖旺","2780 4501","Y","Y","N","N","Y","Y","N","N"
"812-14","ENERGY TRADING COMPANY LIMITED","安力貿易有限公司","Yau Tsim Mong","油尖旺","2300 1210","Y","Y","Y","Y","Y","Y","N","N"
"852-16","PRO-X GAS ENGINEERING COMPANY","利景氣體工程公司","Yau Tsim Mong","油尖旺","9522 2297","Y","Y","Y","N","N","N","N","N"
"872-18","HANG FAT HONG PETROLEUM COMPANY LIMITED","恒發行石油有限公司","Yau Tsim Mong","油尖旺","2367 8605","Y","N","N","N","N","N","N","N"
"040-92","ZENG CHENG ENGINEERING COMPANY LIMITED","慎昌工程有限公司","Yuen Long","元朗","2483 2327","Y","Y","Y","Y","Y","Y","Y","Y"
"093-92","KAM YUEN HONG PETROL PRODUCTS CO LTD","金源行石油產品有限公司","Yuen Long","元朗","2443 6228","Y","Y","Y","Y","N","N","N","N"
"124-92","YUE SANG HONG","裕生行","Yuen Long","元朗","2479 7618","Y","Y","N","N","N","N","N","N"
"133-92","HING NAM HONG PETROLEUM CO LTD","興南行石油有限公司","Yuen Long","元朗","2476 2011","Y","Y","Y","Y","N","N","N","N"
"159-92","YUK HING HONG","玉興行","Yuen Long","元朗","2443 5789","Y","N","N","N","N","N","N","N"
"221-92","KAM CHEONG HONG","錦昌行","Yuen Long","元朗","2478 5173","Y","Y","Y","Y","Y","N","N","N"
"302-92","THOMAS GAS CAPACITY STOVE CONST CO","容亮氣體爐具工程","Yuen Long","元朗","2474 3085","Y","Y","Y","Y","Y","Y","Y","Y"
"354-93","MAX STRONG LTD","聚堅有限公司","Yuen Long","元朗","2474 7250","Y","Y","Y","N","Y","Y","N","N"
"374-94","NOLTO GAS CONTRACTOR CO","濼濤氣體承辦商公司","Yuen Long","元朗","2486 4180","Y","Y","Y","Y","Y","Y","Y","Y"
"435-96","LAK SUN OIL & PETRO CO LTD","力生石油有限公司","Yuen Long","元朗","2476 1822 ","Y","Y","N","Y","N","N","N","N"
"459-97","TARGET GOLD ENG LTD","達高工程有限公司","Yuen Long","元朗","9430 3473","Y","Y","Y","Y","Y","Y","Y","Y"
"511-00","YING CHENG HONG","英昌行","Yuen Long","元朗","2477 8246 ","Y","N","N","N","N","N","N","N"
"513-00","WING HING HONG","永興行","Yuen Long","元朗","2475 9016","Y","Y","Y","Y","Y","Y","Y","Y"
"534-01","WINBEL LPG ENG CO","利隆石油氣工程公司","Yuen Long","元朗","2472 1159","Y","Y","Y","Y","Y","Y","Y","Y"
"548-01","YUNG KEE PETROLEUM OIL CO LTD","榕記石油有限公司","Yuen Long","元朗","2476 7066","Y","Y","Y","Y","N","N","N","N"
"558-02","ALL SPEED ENGINEERING CO LTD","忠迅工程有限公司","Yuen Long","元朗","2486 4677","Y","Y","Y","Y","Y","Y","Y","Y"
"574-02","LEUNG WING WORKS LTD","良榮工程有限公司","Yuen Long","元朗","8102 2763","Y","Y","Y","Y","Y","Y","Y","Y"
"590-02","WING ON HOP SHING PETROL LTD","永安合成石油有限公司","Yuen Long","元朗","2479 6266","Y","N","N","Y","N","N","N","N"
"598-02","LIK PO PETROLEUM COMPANY LIMITED","力寶石油有限公司","Yuen Long","元朗","2443 7228","Y","Y","Y","Y","Y","N","N","N"
"663-05","NOLTO ENGINEERING CO LTD","濼濤工程有限公司","Yuen Long","元朗","2486 4180 ","Y","Y","Y","Y","Y","Y","N","N"
"677-06","TONG KEE GAS ENGINEERING LIMITED","棠記氣體工程有限公司","Yuen Long","元朗","2482 9569 ","Y","Y","Y","Y","Y","Y","Y","Y"
"710-08","YUK HING PETROL COMPANY LIMITED","玉興石油有限公司","Yuen Long","元朗","2443 2232","Y","Y","Y","Y","N","N","N","N"
"735-09","SZE FUNG HO","泗豐號","Yuen Long","元朗","2488 1318","Y","N","N","N","N","N","N","N"
"737-09","HO FAI","浩輝","Yuen Long","元朗","6183 5782","Y","Y","Y","Y","Y","Y","Y","Y"
"743-10","HUNG CHEONG HONG GROCERIES LIMITED","鴻昌行糧油有限公司","Yuen Long","元朗","2476 2813 ","Y","Y","N","Y","N","N","N","N"
"745-10","CHUNG YUEN","中原","Yuen Long","元朗","2477 4111","Y","Y","Y","Y","Y","Y","Y","Y"
"759-10","SUN YICK DESIGN ENGINEERING LIMITED","燊億設計工程有限公司","Yuen Long","元朗","3741 0912","Y","Y","Y","Y","Y","Y","Y","Y"
"781-12","(ENGLISH COMPANY NAME NOT PROVIDED)","豐泰號","Yuen Long","元朗","2488 1403","Y","N","N","N","N","N","N","N"
"787-12","(ENGLISH COMPANY NAME NOT PROVIDED)","三興 (泰豐) 石油氣","Yuen Long","元朗","6921 1022","Y","N","N","N","N","N","N","N"
"804-14","RICHTECH INTERNATIONAL DEVELOP LIMITED","利達國際拓展有限公司","Yuen Long","元朗","2337 1218","Y","N","N","Y","N","N","N","N"
"809-14","FAT HING HONG PETROLEUM PRODUCTS LIMITED","發興行石油產品有限公司","Yuen Long","元朗","2474 2638","Y","N","N","N","N","N","N","N"
"822-14","CHAN HING KEE GAS STOVE DECORATION CO.","陳興記石油氣爐具廚房裝修公司","Yuen Long","元朗","2474 8899 ","Y","N","N","Y","N","N","N","N"
"838-15","KING CITY PETROLEUM TRADING LIMITED","璟盛石油貿易有限公司","Yuen Long","元朗","3489 6798 ","Y","Y","Y","Y","N","N","N","N"
"866-17","KAM CHEONG HONG PETROLEUM LIMITED","錦昌行石油氣有限公司","Yuen Long","元朗","2478 5173","Y","N","N","N","N","N","N","N"
"873-18","HING SHING PETROL CO","興盛石油公司","Yuen Long","元朗","9370 3532","Y","Y","Y","Y","Y","N","N","N"
